genpart,-51.891929626464844,-56.32817459106445,0
genpart,-16.984216690063477,-74.68047332763672,3
genpart,22.427101135253906,-73.23019409179688,4
genpart,55.89155578613281,-52.361915588378906,2
genpart,74.53559112548828,-17.609146118164062,2
cluster,-135.15147399902344,-68.70760345458984,322.1027526855469,0.014694838784635067,-1
cluster,-71.961181640625,-43.15800476074219,325.07275390625,0.0168767087161541,-1
cluster,-64.58563232421875,-63.18320083618164,325.07275390625,0.0168767087161541,-1
cluster,-54.02058792114258,-59.558006286621094,326.0173034667969,0.042191773653030396,-1
cluster,75.44951629638672,-17.6083984375,328.0427551269531,0.016073057428002357,-1
cluster,-82.42622375488281,-47.99160385131836,328.0427551269531,0.04781734198331833,-1
cluster,-51.927581787109375,-57.141204833984375,328.0427551269531,0.07273057848215103,-1
cluster,-75.0506820678711,-63.18320083618164,328.0427551269531,0.01768036186695099,-1
cluster,75.44951629638672,-17.6083984375,328.9872741699219,0.04701368883252144,-1
cluster,-52.186038970947266,-56.991981506347656,328.9872741699219,0.5474884510040283,-1
cluster,-44.602046966552734,-60.162200927734375,328.9872741699219,0.014867576770484447,-1
cluster,-56.16360092163086,-65.68660736083984,328.9872741699219,0.03174428641796112,-1
cluster,-73.00768280029297,-65.68660736083984,328.9872741699219,0.02330593205988407,-1
cluster,75.44951629638672,-17.6083984375,331.0127258300781,0.014465750195086002,-1
cluster,-58.206607818603516,-53.51600646972656,331.0127258300781,0.05183560773730278,-1
cluster,-54.02058792114258,-64.3916015625,331.0127258300781,0.05183560773730278,-1
cluster,-54.02058792114258,-60.76640319824219,331.0127258300781,0.03857533261179924,-1
cluster,-52.746971130371094,-57.34467315673828,331.0127258300781,2.6225202083587646,-1
cluster,-16.488330841064453,-76.28705596923828,331.0127258300781,0.036234624683856964,-1
cluster,-56.39614486694336,-51.41539764404297,331.957275390625,0.03186818212270737,-1
cluster,-55.44770812988281,-60.38195037841797,331.9572448730469,0.07031961530447006,-1
cluster,-55.06709289550781,-54.120201110839844,331.9572448730469,0.06790865957736969,-1
cluster,-52.97408676147461,-57.74540710449219,331.9572448730469,6.17506742477417,-1
cluster,-49.834571838378906,-58.349605560302734,331.9572448730469,0.040584467351436615,-1
cluster,-48.788063049316406,-60.162200927734375,331.9572448730469,0.042995426803827286,-1
cluster,57.508941650390625,-53.51600646972656,331.9572448730469,0.024913236498832703,-1
cluster,-57.27396011352539,-56.20964813232422,333.9827575683594,0.09081276506185532,-1
cluster,-54.334228515625,-51.76435470581055,333.9827575683594,0.06485191732645035,-1
cluster,-53.21786880493164,-57.88615798950195,333.9827575683594,10.81395149230957,-1
cluster,-51.927581787109375,-63.18320083618164,333.9827575683594,0.049022819846868515,-1
cluster,-49.834571838378906,-54.72440719604492,333.9827575683594,0.06509587913751602,-1
cluster,-61.44612503051758,-62.57900619506836,333.9827575683594,0.0667031779885292,-1
cluster,-61.44612503051758,-58.953800201416016,333.9827575683594,0.04379907622933388,-1
cluster,-58.489158630371094,-46.984596252441406,334.9272766113281,0.07565215229988098,-1
cluster,-57.791481018066406,-51.166107177734375,334.9272766113281,0.05043477565050125,-1
cluster,-57.87598419189453,-63.37409210205078,334.92724609375,0.033737912774086,-1
cluster,-58.206607818603516,-57.141204833984375,334.92724609375,0.07952507585287094,-1
cluster,-57.16010284423828,-55.3286018371582,334.92724609375,0.03855761140584946,-1
cluster,-56.11359786987305,-53.51600646972656,334.92724609375,0.038155969232320786,-1
cluster,-53.45546340942383,-58.02333068847656,334.92724609375,18.0230770111084,-1
cluster,-51.927581787109375,-65.60000610351562,334.92724609375,0.014860745519399643,-1
cluster,-51.927581787109375,-61.97480392456055,334.92724609375,0.020483732223510742,-1
cluster,-49.46840286254883,-61.46295928955078,334.92724609375,0.17230433225631714,-1
cluster,-50.111087799072266,-56.981563568115234,334.92724609375,0.21005865931510925,-1
cluster,-47.74155807495117,-64.3916015625,334.92724609375,0.04819701611995697,-1
cluster,-47.74156188964844,-57.440773010253906,334.92724609375,0.11486956477165222,-1
cluster,-67.72515869140625,-50.49500274658203,334.92724609375,0.014459104277193546,-1
cluster,-58.658546447753906,-56.17097473144531,336.9527587890625,0.09679567813873291,-1
cluster,-54.02058792114258,-64.3916015625,336.9527587890625,0.023295225575566292,-1
cluster,-53.768089294433594,-58.371002197265625,336.9527587890625,24.201528549194336,-1
cluster,-51.927581787109375,-52.3076057434082,336.9527587890625,0.0534183606505394,-1
cluster,-50.88107681274414,-67.41260528564453,336.9527587890625,0.03695104643702507,-1
cluster,-65.63214111328125,-63.78739929199219,336.9527587890625,0.023696867749094963,-1
cluster,-62.4542350769043,-57.643733978271484,336.9527587890625,0.0759103000164032,-1
cluster,57.508941650390625,-54.72440719604492,336.9527587890625,0.015664029866456985,-1
cluster,-42.45903396606445,-63.874000549316406,336.9527587890625,0.05663149431347847,-1
cluster,-57.210105895996094,-65.08240509033203,336.9527587890625,0.08675462752580643,-1
cluster,-55.117095947265625,-71.12440490722656,336.9527587890625,0.01727059669792652,-1
cluster,-56.173187255859375,-50.81976318359375,337.8972473144531,0.04338141530752182,-1
cluster,-40.19974136352539,-61.5720100402832,337.8972473144531,0.0497940331697464,-1
cluster,-58.663333892822266,-60.39892578125,337.8972473144531,0.1253698319196701,-1
cluster,-58.206607818603516,-55.932804107666016,337.8972473144531,0.018082188442349434,-1
cluster,-54.020591735839844,-58.5015754699707,337.8972473144531,28.947378158569336,-1
cluster,-51.927581787109375,-66.80839538574219,337.8972473144531,0.024913236498832703,-1
cluster,-42.45903396606445,-63.874000549316406,337.8972473144531,0.025315066799521446,-1
cluster,-60.34961700439453,-64.47820281982422,337.8972473144531,0.05625569447875023,-1
cluster,-59.3031120300293,-66.29080200195312,337.8972473144531,0.0208949726074934,-1
cluster,-58.25661087036133,-68.1033935546875,337.8972473144531,0.024913236498832703,-1
cluster,-57.210105895996094,-65.08240509033203,337.8972473144531,0.08960728347301483,-1
cluster,-44.43576431274414,-51.81820297241211,339.9227600097656,0.0345238596200943,-1
cluster,-54.25335693359375,-58.90434265136719,339.9227600097656,32.949562072753906,-1
cluster,-52.97408676147461,-52.91180419921875,339.9227600097656,0.021296799182891846,-1
cluster,-50.88107681274414,-51.70340347290039,339.9227600097656,0.09362555295228958,-1
cluster,-48.788063049316406,-51.70340347290039,339.9227600097656,0.01848401501774788,-1
cluster,-46.69505310058594,-63.78739929199219,339.9227600097656,0.024511409923434258,-1
cluster,-66.67864990234375,-52.3076057434082,339.9227600097656,0.024913236498832703,-1
cluster,-64.58563232421875,-61.97480392456055,339.9227600097656,0.026118716225028038,-1
cluster,-61.446128845214844,-55.80194854736328,339.9227600097656,0.07152510434389114,-1
cluster,58.55544662475586,-55.3286018371582,339.9227600097656,0.030538806691765785,-1
cluster,-58.81761932373047,-66.57110595703125,339.9227600097656,0.04862099513411522,-1
cluster,-58.25661087036133,-77.7706069946289,339.9227600097656,0.14345203340053558,-1
cluster,-57.5917854309082,-63.845481872558594,340.8672180175781,0.15470686554908752,-1
cluster,-54.41371154785156,-59.08568572998047,340.8672180175781,30.493728637695312,-1
cluster,-54.1435661315918,-53.19949722290039,340.8672180175781,0.13983893394470215,-1
cluster,-50.88107681274414,-55.3286018371582,340.8672180175781,0.040183600038290024,-1
cluster,-48.788063049316406,-61.87980270385742,340.8672180175781,0.03576340526342392,-1
cluster,-48.788063049316406,-55.3286018371582,340.8672180175781,0.037370748817920685,-1
cluster,-48.125492095947266,-57.80618667602539,340.8672180175781,0.040183600038290024,-1
cluster,-64.58563232421875,-64.3916015625,340.8672180175781,0.027324849739670753,-1
cluster,-65.03561401367188,-55.93280792236328,340.8672180175781,0.08880576491355896,-1
cluster,-63.53913497924805,-52.91180419921875,340.8672180175781,0.026923011988401413,-1
cluster,58.55544662475586,-55.3286018371582,340.8672180175781,0.07152681052684784,-1
cluster,60.74845504760742,-55.3286018371582,340.8672180175781,0.015269769355654716,-1
cluster,-46.64505386352539,-66.29080200195312,340.8672180175781,0.07835802435874939,-1
cluster,-54.070587158203125,-66.8949966430664,340.8672180175781,0.023708324879407883,-1
cluster,-51.26958084106445,-67.66630554199219,340.8672180175781,0.050631336867809296,-1
cluster,-41.645084381103516,-41.345401763916016,342.89276123046875,0.05776245892047882,-1
cluster,-58.48915481567383,-49.401397705078125,342.89276123046875,0.03452468663454056,-1
cluster,-69.86815643310547,-38.32440185546875,342.8927917480469,0.04259461909532547,-1
cluster,-58.34080123901367,-54.296993255615234,342.8927917480469,0.2487546056509018,-1
cluster,-54.69722366333008,-59.39408493041992,342.8927917480469,27.494426727294922,-1
cluster,-54.138938903808594,-52.34928894042969,342.8927917480469,0.11352773755788803,-1
cluster,-50.55944061279297,-53.45512008666992,342.8927917480469,0.07273231446743011,-1
cluster,-50.33893966674805,-65.89120483398438,342.8927917480469,0.025315670296549797,-1
cluster,-48.813106536865234,-59.56496810913086,342.8927917480469,0.057060711085796356,-1
cluster,-49.01914596557617,-56.02995681762695,342.8927917480469,0.10849571973085403,-1
cluster,-47.023075103759766,-62.389625549316406,342.8927917480469,0.09402962774038315,-1
cluster,-61.44612503051758,-63.78739929199219,342.8927917480469,0.06509743630886078,-1
cluster,-61.84666442871094,-56.022361755371094,342.8927917480469,0.022100981324911118,-1
cluster,59.70195007324219,-54.72440719604492,342.8927917480469,0.041389111429452896,-1
cluster,-60.34961700439453,-65.68660736083984,342.8927917480469,0.021699143573641777,-1
cluster,-56.749637603759766,-67.59879302978516,342.8927917480469,0.14586646854877472,-1
cluster,-47.226444244384766,-46.98460388183594,343.8372802734375,0.03983617573976517,-1
cluster,-56.11359786987305,-52.3076057434082,343.8372497558594,0.014466095715761185,-1
cluster,-54.93691635131836,-59.69068145751953,343.8372497558594,27.162508010864258,-1
cluster,-51.927581787109375,-65.95159912109375,343.8372497558594,0.12456917017698288,-1
cluster,-49.834571838378906,-51.09920120239258,343.8372497558594,0.03937992826104164,-1
cluster,-48.328670501708984,-63.315853118896484,343.8372497558594,0.15309950709342957,-1
cluster,-46.69505310058594,-58.953800201416016,343.8372497558594,0.02290465123951435,-1
cluster,-69.81816101074219,-63.78739929199219,343.8372497558594,0.040987271815538406,-1
cluster,-64.09709930419922,-60.06692886352539,343.8372497558594,0.06107907369732857,-1
cluster,-63.53913879394531,-52.15205764770508,343.8372497558594,0.1647527515888214,-1
cluster,-61.44612503051758,-54.120201110839844,343.8372497558594,0.03174504637718201,-1
cluster,-60.399620056152344,-61.97480392456055,343.8372497558594,0.04299645498394966,-1
cluster,59.70195007324219,-55.932804107666016,343.8372497558594,0.026923011988401413,-1
cluster,-45.59854507446289,-66.8949966430664,343.8372497558594,0.04902398958802223,-1
cluster,-60.63224411010742,-65.08241271972656,343.8372497558594,0.03897809237241745,-1
cluster,-51.977577209472656,-70.52020263671875,343.8372497558594,0.01647527702152729,-1
cluster,-50.93107223510742,-74.74959564208984,343.8372497558594,0.029735863208770752,-1
cluster,-18.23941993713379,-79.06560516357422,343.8372497558594,0.01567160338163376,-1
cluster,-63.162818908691406,-49.119869232177734,345.86273193359375,0.045147668570280075,-1
cluster,-37.409061431884766,-61.5720100402832,345.86273193359375,0.028549261391162872,-1
cluster,-57.16010284423828,-54.120201110839844,345.8627624511719,0.017680784687399864,-1
cluster,-55.16972732543945,-59.912662506103516,345.8627624511719,26.15108871459961,-1
cluster,-54.02058792114258,-52.3076057434082,345.8627624511719,0.024110160768032074,-1
cluster,-48.788063049316406,-63.78739929199219,345.8627624511719,0.04822032153606415,-1
cluster,-62.49263000488281,-55.932804107666016,345.8627624511719,0.03857625648379326,-1
cluster,-61.44612503051758,-60.162200927734375,345.8627624511719,0.0731341540813446,-1
cluster,-60.52302169799805,-57.68606185913086,345.8627624511719,0.15229585766792297,-1
cluster,-59.91152572631836,-54.89136505126953,345.8627624511719,0.1418481022119522,-1
cluster,-79.33670806884766,-58.349605560302734,345.8627624511719,0.020895473659038544,-1
cluster,58.74026870727539,-55.42600631713867,345.8627624511719,0.09804798662662506,-1
cluster,-47.691558837890625,-68.1033935546875,345.8627624511719,0.021297309547662735,-1
cluster,-58.25661087036133,-69.31180572509766,345.8627624511719,0.020091800019145012,-1
cluster,-55.173011779785156,-66.89888763427734,345.8627624511719,0.10005716979503632,-1
cluster,-30.897478103637695,-120.32440185546875,345.8627624511719,0.03991837054491043,-1
cluster,-59.884498596191406,-48.595802307128906,346.8072509765625,0.0584263950586319,-1
cluster,-59.186832427978516,-46.58180236816406,346.8072509765625,0.07568873465061188,-1
cluster,-59.186851501464844,-39.33140563964844,346.8072509765625,0.04979522526264191,-1
cluster,-57.09382629394531,-44.56779861450195,346.8072509765625,0.0584263950586319,-1
cluster,79.63554382324219,-18.816801071166992,346.8072509765625,0.014867931604385376,-1
cluster,-76.14720153808594,-41.949607849121094,346.8072509765625,0.08358189463615417,-1
cluster,-57.24812698364258,-53.377105712890625,346.8072509765625,0.1325545310974121,-1
cluster,-55.48188781738281,-60.0853385925293,346.8072509765625,20.016660690307617,-1
cluster,-54.02058792114258,-65.60000610351562,346.8072509765625,0.1458664834499359,-1
cluster,-54.02058792114258,-52.3076057434082,346.8072509765625,0.01567160338163376,-1
cluster,-52.24248123168945,-55.90361785888672,346.8072509765625,0.07514332979917526,-1
cluster,-51.20989227294922,-58.76396179199219,346.8072509765625,0.15751971304416656,-1
cluster,-50.469940185546875,-64.1695785522461,346.8072509765625,0.03254871815443039,-1
cluster,-48.788063049316406,-60.162200927734375,346.8072509765625,0.0731341540813446,-1
cluster,-48.788063049316406,-56.53700256347656,346.8072509765625,0.033754222095012665,-1
cluster,-44.602046966552734,-58.953800201416016,346.8072509765625,0.02250281535089016,-1
cluster,-68.77165985107422,-52.3076057434082,346.8072509765625,0.014466095715761185,-1
cluster,-62.49263000488281,-63.18320083618164,346.8072509765625,0.017680784687399864,-1
cluster,-80.38320922851562,-54.120201110839844,346.8072509765625,0.027324849739670753,-1
cluster,-48.32193374633789,-74.89310455322266,346.8072509765625,0.16113623976707458,-1
cluster,-60.34961700439453,-64.47820281982422,346.8072509765625,0.0160734411329031,-1
cluster,-59.3031120300293,-66.29080200195312,346.8072509765625,0.07072313874959946,-1
cluster,-57.210105895996094,-67.49920654296875,346.8072509765625,0.020091800019145012,-1
cluster,-67.77516174316406,-74.74959564208984,346.8072509765625,0.02290465123951435,-1
cluster,23.870779037475586,-77.7706069946289,346.8072509765625,0.18926474452018738,-1
cluster,-18.23941993713379,-80.27400207519531,346.8072509765625,0.016877111047506332,-1
cluster,-55.00081253051758,-47.387393951416016,348.832763671875,0.08365597575902939,-1
cluster,-35.31605529785156,-59.558006286621094,348.832763671875,0.041827987879514694,-1
cluster,79.63554382324219,-18.816801071166992,348.832763671875,0.018484458327293396,-1
cluster,-55.76061248779297,-60.32322311401367,348.832763671875,21.490785598754883,-1
cluster,-49.834571838378906,-63.18320083618164,348.832763671875,0.09282412379980087,-1
cluster,-48.788063049316406,-55.3286018371582,348.832763671875,0.0365670770406723,-1
cluster,-46.64073944091797,-61.464691162109375,348.832763671875,0.04661297798156738,-1
cluster,-64.29448699951172,-55.161102294921875,348.832763671875,0.06148090958595276,-1
cluster,-64.58563232421875,-57.141204833984375,348.832763671875,0.014867931604385376,-1
cluster,-63.133872985839844,-60.573001861572266,348.832763671875,0.16877111792564392,-1
cluster,-62.77003860473633,-64.18463897705078,348.832763671875,0.2656136155128479,-1
cluster,-59.353111267089844,-55.3286018371582,348.832763671875,0.025315668433904648,-1
cluster,59.70195007324219,-55.932804107666016,348.832763671875,0.015269769355654716,-1
cluster,-49.6660041809082,-67.63578033447266,348.832763671875,0.08800208568572998,-1
cluster,-65.58214569091797,-67.49920654296875,348.832763671875,0.04982766509056091,-1
cluster,-57.879249572753906,-69.52967071533203,348.832763671875,0.05585520341992378,-1
cluster,-54.070587158203125,-72.93700408935547,348.832763671875,0.028128521516919136,-1
cluster,-54.070587158203125,-70.52020263671875,348.832763671875,0.034557897597551346,-1
cluster,-67.77516174316406,-72.33280181884766,348.832763671875,0.05625704303383827,-1
cluster,24.482301712036133,-78.05160522460938,348.832763671875,0.11130857467651367,4
cluster,-59.88449478149414,-52.21529769897461,349.7772521972656,0.04249192401766777,-1
cluster,-57.16010284423828,-52.91180419921875,349.7772521972656,0.08478739857673645,-1
cluster,-55.97795104980469,-60.688087463378906,349.7772521972656,16.466236114501953,-1
cluster,-52.97408676147461,-66.20420837402344,349.7772521972656,0.05545336753129959,-1
cluster,-51.5190315246582,-56.320892333984375,349.7772521972656,0.2017216682434082,-1
cluster,-51.927581787109375,-52.3076057434082,349.7772521972656,0.021297309547662735,-1
cluster,-49.36027526855469,-62.90937042236328,349.7772521972656,0.09362779557704926,-1
cluster,-48.20968246459961,-64.66188049316406,349.7772521972656,0.024913832545280457,-1
cluster,-67.38531494140625,-54.31641387939453,349.7772521972656,0.03576340526342392,-1
cluster,-61.44612503051758,-58.953800201416016,349.7772521972656,0.020493635907769203,-1
cluster,-60.748138427734375,-56.1340217590332,349.7772521972656,0.06750845164060593,-1
cluster,-62.442626953125,-70.52020263671875,349.7772521972656,0.014466095715761185,-1
cluster,-56.16360092163086,-68.1033935546875,349.7772521972656,0.018082620576024055,-1
cluster,-51.977577209472656,-69.31180572509766,349.7772521972656,0.016877111047506332,-1
cluster,23.572139739990234,-78.46174621582031,349.7772521972656,0.42132502794265747,4
cluster,-68.15994262695312,-49.56879806518555,351.8027648925781,0.10729021579027176,-1
cluster,-57.16010284423828,-52.91180419921875,351.8027648925781,0.020091800019145012,-1
cluster,-56.04313659667969,-61.23292541503906,351.8027648925781,15.060609817504883,-1
cluster,-55.06709289550781,-52.91180419921875,351.8027648925781,0.03174504637718201,-1
cluster,-49.94577407836914,-64.9149398803711,351.8027648925781,0.11572875827550888,-1
cluster,-50.88107681274414,-56.53700256347656,351.8027648925781,0.060275398194789886,-1
cluster,-50.37568283081055,-62.44683837890625,351.8027648925781,0.13622240722179413,-1
cluster,-50.00707244873047,-51.009735107421875,351.8027648925781,0.12336365133523941,-1
cluster,-47.0839958190918,-58.41907501220703,351.8027648925781,0.04540746659040451,-1
cluster,-45.6485481262207,-55.932804107666016,351.8027648925781,0.020091800019145012,-1
cluster,-64.58563232421875,-64.3916015625,351.8027648925781,0.05786438286304474,-1
cluster,-64.16471099853516,-61.731781005859375,351.8027648925781,0.04500563070178032,-1
cluster,-62.49263000488281,-63.572391510009766,351.8027648925781,0.0960388034582138,-1
cluster,-62.07582473754883,-56.3208122253418,351.8027648925781,0.13903525471687317,-1
cluster,-60.399620056152344,-59.558006286621094,351.8027648925781,0.06670477241277695,-1
cluster,-63.489131927490234,-71.12440490722656,351.8027648925781,0.018886292353272438,-1
cluster,-62.442626953125,-66.8949966430664,351.8027648925781,0.021297309547662735,-1
cluster,-60.34961700439453,-69.31180572509766,351.8027648925781,0.02290465123951435,-1
cluster,-58.99493408203125,-67.67713165283203,351.8027648925781,0.06590110808610916,-1
cluster,23.752365112304688,-79.96006774902344,351.8027648925781,0.3793331980705261,4
cluster,24.917285919189453,-77.16639709472656,351.8027648925781,0.01968996413052082,-1
cluster,25.963790893554688,-81.39579772949219,351.8027648925781,0.014867931604385376,-1
cluster,27.01029396057129,-74.74959564208984,351.8027648925781,0.020091800019145012,-1
cluster,-35.08349609375,-89.94120025634766,351.8027648925781,0.02571750245988369,-1
cluster,-18.23941993713379,-81.4823989868164,351.8027648925781,0.014867931604385376,-1
cluster,-74.05418395996094,-50.40840530395508,352.7472839355469,0.02893219143152237,-1
cluster,-57.75151062011719,-55.87498474121094,352.7472839355469,0.11974713206291199,-1
cluster,-56.23604202270508,-61.1932258605957,352.7472839355469,11.561625480651855,-1
cluster,-51.38884735107422,-62.73533630371094,352.7472839355469,0.1924794465303421,-1
cluster,-50.926090240478516,-58.17593002319336,352.7472839355469,0.14144626259803772,-1
cluster,-49.60545349121094,-53.11915969848633,352.7472839355469,0.10407552123069763,-1
cluster,-48.788063049316406,-64.99580383300781,352.7472839355469,0.06670477241277695,-1
cluster,-48.788063049316406,-61.370601654052734,352.7472839355469,0.06590110808610916,-1
cluster,-48.788063049316406,-56.53700256347656,352.7472839355469,0.06268641352653503,-1
cluster,-62.49263000488281,-61.97480392456055,352.7472839355469,0.060275398194789886,-1
cluster,-62.49263381958008,-58.053585052490234,352.7472839355469,0.08960942924022675,-1
cluster,-84.56922912597656,-61.370601654052734,352.7472839355469,0.020895473659038544,-1
cluster,60.74845504760742,-56.53700256347656,352.7472839355469,0.04781848564743996,-1
cluster,-49.784568786621094,-71.72860717773438,352.7472839355469,0.05786438286304474,-1
cluster,-43.50553894042969,-65.68660736083984,352.7472839355469,0.014466095715761185,-1
cluster,-62.442626953125,-65.68660736083984,352.7472839355469,0.02893219143152237,-1
cluster,-60.34961700439453,-67.030517578125,352.7472839355469,0.1330077052116394,-1
cluster,-54.070587158203125,-76.56220245361328,352.7472839355469,0.037370748817920685,-1
cluster,-50.93107223510742,-69.91600036621094,352.7472839355469,0.015269769355654716,-1
cluster,24.39177894592285,-79.8748550415039,352.7472839355469,0.6134026646614075,4
cluster,24.917285919189453,-77.16639709472656,352.7472839355469,0.017278948798775673,-1
cluster,-18.23941993713379,-81.4823989868164,352.7472839355469,0.014466095715761185,-1
cluster,-64.07052612304688,-44.56781005859375,354.77276611328125,0.02722138725221157,-1
cluster,-58.48915481567383,-51.012596130371094,354.77276611328125,0.03386075422167778,-1
cluster,-54.303138732910156,-49.401390075683594,354.77276611328125,0.20980386435985565,-1
cluster,81.72855377197266,-18.816801071166992,354.7727355957031,0.015269769355654716,-1
cluster,-56.7087287902832,-61.205421447753906,354.7727355957031,10.02962589263916,-1
cluster,-55.59561538696289,-56.23186111450195,354.7727355957031,0.03616524487733841,-1
cluster,-51.92757797241211,-52.88997268676758,354.7727355957031,0.1466701328754425,-1
cluster,-50.191043853759766,-64.99580383300781,354.7727355957031,0.0687139630317688,-1
cluster,-49.39319610595703,-58.20841979980469,354.7727355957031,0.17640599608421326,-1
cluster,-48.788063049316406,-61.370601654052734,354.7727355957031,0.03174504637718201,-1
cluster,-64.58563232421875,-64.3916015625,354.7727355957031,0.02893219143152237,-1
cluster,-64.58563232421875,-52.3076057434082,354.7727355957031,0.033352386206388474,-1
cluster,-63.277069091796875,-61.89839172363281,354.7727355957031,0.054247863590717316,-1
cluster,-62.49263000488281,-64.3916015625,354.7727355957031,0.01647527702152729,-1
cluster,-62.49263000488281,-55.009376525878906,354.7727355957031,0.049827661365270615,-1
cluster,-60.060787200927734,-55.3459358215332,354.7727355957031,0.050631336867809296,-1
cluster,-42.45903396606445,-78.37479400634766,354.7727355957031,0.01928812824189663,-1
cluster,-60.34961700439453,-75.35380554199219,354.7727355957031,0.020895473659038544,-1
cluster,-59.3031120300293,-68.70760345458984,354.7727355957031,0.11251408606767654,-1
cluster,-55.117095947265625,-79.58320617675781,354.7727355957031,0.04460379481315613,-1
cluster,-76.14720153808594,-77.16639709472656,354.7727355957031,0.028128521516919136,-1
cluster,20.731266021728516,-75.95800018310547,354.7727355957031,0.034156057983636856,-1
cluster,24.3824405670166,-80.46238708496094,354.7727355957031,0.4408141076564789,4
cluster,28.056798934936523,-72.93700408935547,354.7727355957031,0.01567160338163376,-1
cluster,-45.6485481262207,-83.89920043945312,354.7727355957031,0.0638919249176979,-1
cluster,17.541748046875,-79.06560516357422,354.7727355957031,0.02290465123951435,-1
cluster,20.681264877319336,-84.50340270996094,354.7727355957031,0.02250281535089016,-1
cluster,21.998117446899414,-82.47122955322266,354.7727355957031,0.11331775784492493,4
cluster,-47.226444244384766,-44.56779861450195,355.71722412109375,0.05245096608996391,-1
cluster,-56.822906494140625,-61.720703125,355.7172546386719,7.082359790802002,-1
cluster,-54.02058792114258,-54.72440719604492,355.7172546386719,0.025315668433904648,-1
cluster,-52.97408676147461,-50.49500274658203,355.7172546386719,0.02571750245988369,-1
cluster,-50.88107681274414,-56.53700256347656,355.7172546386719,0.06308824568986893,-1
cluster,-49.834571838378906,-63.18320083618164,355.7172546386719,0.047014813870191574,-1
cluster,-49.834571838378906,-58.877906799316406,355.7172546386719,0.043800123035907745,-1
cluster,-66.67864990234375,-65.60000610351562,355.7172546386719,0.030941372737288475,-1
cluster,-64.3763198852539,-59.920562744140625,355.7172546386719,0.11653244495391846,-1
cluster,-61.44612503051758,-57.67529296875,355.7172546386719,0.20855288207530975,-1
cluster,61.25920867919922,-57.450523376464844,355.7172546386719,0.0229046531021595,-1
cluster,-47.691558837890625,-66.8949966430664,355.7172546386719,0.018082620576024055,-1
cluster,-58.747623443603516,-65.88862609863281,355.7172546386719,0.2660154402256012,-1
cluster,-53.457000732421875,-68.24903106689453,355.7172546386719,0.03978176414966583,-1
cluster,-68.8216552734375,-68.1033935546875,355.7172546386719,0.014867931604385376,-1
cluster,24.61581802368164,-80.4594497680664,355.7172546386719,0.6053659319877625,4
cluster,29.103303909301758,-72.33280181884766,355.7172546386719,0.018886292353272438,-1
cluster,20.681264877319336,-85.71180725097656,355.7172546386719,0.025315668433904648,-1
cluster,20.681264877319336,-83.29500579833984,355.7172546386719,0.018082620576024055,-1
cluster,20.681264877319336,-80.87820434570312,355.7172546386719,0.02250281535089016,-1
cluster,-40.89741516113281,-58.752410888671875,357.7427978515625,0.10224618762731552,-1
cluster,-57.511932373046875,-62.4856071472168,357.7427673339844,4.634575366973877,-1
cluster,-57.2077751159668,-56.26078414916992,357.7427673339844,0.1872555911540985,-1
cluster,-50.88107681274414,-66.20420837402344,357.7427673339844,0.017278948798775673,-1
cluster,-49.834571838378906,-55.932804107666016,357.7427673339844,0.053846023976802826,-1
cluster,-48.788063049316406,-63.78739929199219,357.7427673339844,0.040585435926914215,-1
cluster,-46.101966857910156,-59.81978225708008,357.7427673339844,0.07715251296758652,-1
cluster,-68.77165985107422,-63.18320083618164,357.7427673339844,0.015269769355654716,-1
cluster,-68.77165985107422,-54.72440719604492,357.7427673339844,0.027324849739670753,-1
cluster,-63.53913497924805,-60.162200927734375,357.7427673339844,0.015269769355654716,-1
cluster,61.290000915527344,-56.84967041015625,357.7427673339844,0.03134320676326752,-1
cluster,-62.913719177246094,-69.70425415039062,357.7427673339844,0.03375422582030296,-1
cluster,-55.76487731933594,-67.11175537109375,357.7427673339844,0.15671604871749878,-1
cluster,-70.9146728515625,-71.72860717773438,357.7427673339844,0.025315668433904648,-1
cluster,21.777769088745117,-80.1874008178711,357.7427673339844,0.027726683765649796,-1
cluster,24.886920928955078,-80.98054504394531,357.7427673339844,0.3118247091770172,4
cluster,30.149810791015625,-70.52020263671875,357.7427673339844,0.050631336867809296,-1
cluster,19.093889236450195,-89.04507446289062,357.7427673339844,0.04339829087257385,4
cluster,13.305728912353516,-106.94540405273438,357.7427673339844,0.03857625648379326,-1
cluster,-59.18682861328125,-49.80419921875,358.687255859375,0.023237772285938263,-1
cluster,31.362592697143555,-66.40560913085938,358.687255859375,0.03784436732530594,-1
cluster,-57.452232360839844,-61.75699234008789,358.687255859375,3.6380224227905273,-1
cluster,-54.97410202026367,-54.362998962402344,358.687255859375,0.09804798662662506,-1
cluster,-51.927581787109375,-65.17074584960938,358.687255859375,0.15068849921226501,-1
cluster,-52.32068634033203,-61.293922424316406,358.687255859375,0.04902399331331253,-1
cluster,-51.927581787109375,-55.932804107666016,358.687255859375,0.03134320676326752,-1
cluster,-48.788063049316406,-57.74540328979492,358.687255859375,0.01567160338163376,-1
cluster,-71.91117095947266,-61.370601654052734,358.687255859375,0.03817442059516907,-1
cluster,-62.268157958984375,-62.298343658447266,358.687255859375,0.11653244495391846,-1
cluster,-60.399620056152344,-53.51600646972656,358.687255859375,0.03616524115204811,-1
cluster,59.70195007324219,-55.932804107666016,358.687255859375,0.017278948798775673,-1
cluster,-39.31951904296875,-69.31180572509766,358.687255859375,0.044201962649822235,-1
cluster,-62.442630767822266,-67.6524887084961,358.687255859375,0.057462550699710846,-1
cluster,-60.34961700439453,-64.47820281982422,358.687255859375,0.04259461909532547,-1
cluster,-57.21010971069336,-67.7881088256836,358.687255859375,0.10126267373561859,-1
cluster,-55.117095947265625,-72.33280181884766,358.687255859375,0.04500563070178032,-1
cluster,22.824277877807617,-79.00653839111328,358.687255859375,0.0642937570810318,4
cluster,25.055309295654297,-81.65251159667969,358.687255859375,0.7076332569122314,4
cluster,30.149810791015625,-70.52020263671875,358.687255859375,0.014466095715761185,-1
cluster,-40.31602096557617,-84.50340270996094,358.687255859375,0.020493635907769203,-1
cluster,17.541748046875,-89.94120025634766,358.687255859375,0.017680784687399864,-1
cluster,-58.48915481567383,-48.59579849243164,360.7127685546875,0.033196814358234406,-1
cluster,-52.907806396484375,-46.178985595703125,360.7127685546875,0.03585255891084671,-1
cluster,-36.01372146606445,-60.76640701293945,360.7127685546875,0.025229578837752342,-1
cluster,-58.206607818603516,-54.72440719604492,360.7127685546875,0.024913832545280457,-1
cluster,-56.66337585449219,-62.670509338378906,360.7127685546875,2.685671091079712,-1
cluster,-55.60379409790039,-56.227142333984375,360.7127685546875,0.10648654401302338,-1
cluster,-52.974082946777344,-61.67660903930664,360.7127685546875,0.07474149763584137,-1
cluster,-51.57932662963867,-65.80107879638672,360.7127685546875,0.059873566031455994,-1
cluster,-51.927581787109375,-58.925636291503906,360.7127685546875,0.07072313874959946,-1
cluster,-50.88107681274414,-62.57900619506836,360.7127685546875,0.01567160338163376,-1
cluster,-47.74155807495117,-64.3916015625,360.7127685546875,0.01647527702152729,-1
cluster,-74.00418090820312,-54.120201110839844,360.7127685546875,0.050631336867809296,-1
cluster,-66.67865753173828,-62.80281448364258,360.7127685546875,0.06791028380393982,-1
cluster,-66.67864990234375,-54.72440719604492,360.7127685546875,0.020091800019145012,-1
cluster,-64.58563232421875,-61.97480392456055,360.7127685546875,0.047416649758815765,-1
cluster,-62.49263000488281,-61.97480392456055,360.7127685546875,0.037772584706544876,-1
cluster,-62.49263000488281,-52.3076057434082,360.7127685546875,0.04460379481315613,-1
cluster,-60.40671157836914,-58.654903411865234,360.7127685546875,0.23748508095741272,-1
cluster,61.79495620727539,-58.349605560302734,360.7127685546875,0.03134320676326752,-1
cluster,-62.442626953125,-66.8949966430664,360.7127685546875,0.020895473659038544,-1
cluster,-55.91824722290039,-67.42211151123047,360.7127685546875,0.1840408891439438,-1
cluster,22.82427406311035,-71.12440490722656,360.7127685546875,0.034557897597551346,-1
cluster,24.3809814453125,-81.0825424194336,360.7127685546875,0.2700337767601013,4
cluster,-19.285924911499023,-83.29500579833984,360.7127685546875,0.015269769355654716,-1
cluster,16.4952449798584,-91.7538070678711,360.7127685546875,0.01968996413052082,-1
cluster,21.72776985168457,-81.4823989868164,360.7127685546875,0.020895473659038544,-1
cluster,36.47883987426758,-81.4823989868164,360.7127685546875,0.12537282705307007,-1
cluster,23.820777893066406,-120.32440185546875,360.7127685546875,0.03536156937479973,-1
cluster,82.77505493164062,-18.661922454833984,361.6572570800781,0.1294686496257782,-1
cluster,-57.8430061340332,-62.39564895629883,361.6572570800781,3.461207628250122,-1
cluster,-58.20661163330078,-53.961181640625,361.6572570800781,0.1413465142250061,-1
cluster,-54.02058792114258,-59.558006286621094,361.6572570800781,0.08789614588022232,-1
cluster,-52.97408676147461,-64.99580383300781,361.6572570800781,0.06057707592844963,-1
cluster,-50.88107681274414,-55.3286018371582,361.6572570800781,0.14847321808338165,-1
cluster,-47.74155807495117,-60.76640319824219,361.6572570800781,0.1698533594608307,-1
cluster,-70.86466979980469,-54.72440719604492,361.6572570800781,0.13421978056430817,-1
cluster,-62.7027473449707,-61.853485107421875,361.6572570800781,0.3218899369239807,-1
cluster,-61.21897506713867,-58.61102294921875,361.6572570800781,0.24230830371379852,-1
cluster,61.79495620727539,-58.349605560302734,361.6572570800781,0.05463813990354538,-1
cluster,-61.396121978759766,-69.91600036621094,361.6572570800781,0.07483050227165222,-1
cluster,-58.64375305175781,-67.11851501464844,361.6572570800781,0.14015871286392212,-1
cluster,-57.210105895996094,-72.33280181884766,361.6572570800781,0.04751142859458923,-1
cluster,-54.070587158203125,-68.1033935546875,361.6572570800781,0.2577494978904724,-1
cluster,15.448739051818848,-93.56640625,361.6572570800781,0.07483050227165222,-1
cluster,21.934194564819336,-88.6136245727539,361.6572570800781,0.9365689754486084,4
cluster,21.56976890563965,-82.36555480957031,361.6572570800781,0.261312872171402,4
cluster,24.973981857299805,-82.0467758178711,361.6572570800781,0.21736478805541992,4
cluster,-109.83535766601562,-69.91600036621094,361.6572570800781,0.03428220748901367,-1
cluster,-57.224029541015625,-63.57362747192383,367.6990051269531,0.6782981157302856,-1
cluster,-54.26740646362305,-59.64931869506836,367.6990051269531,0.2140997052192688,-1
cluster,-49.834571838378906,-57.141204833984375,367.6990051269531,0.2065209448337555,-1
cluster,-67.72515869140625,-58.953800201416016,367.6990051269531,0.12883876264095306,-1
cluster,-60.358455657958984,-63.39442443847656,367.6990051269531,0.647983193397522,-1
cluster,34.38582992553711,-55.932804107666016,367.6990051269531,0.11557594686746597,-1
cluster,-63.489131927490234,-66.29080200195312,367.6990051269531,0.06820874661207199,-1
cluster,-57.61949157714844,-71.83348083496094,367.6990051269531,0.1458909511566162,-1
cluster,-56.16360092163086,-66.8949966430664,367.6990051269531,0.2140997052192688,-1
cluster,-50.63648986816406,-66.77635192871094,367.6990051269531,0.15536439418792725,-1
cluster,25.059825897216797,-82.40995025634766,367.6990051269531,3.8878986835479736,4
cluster,28.056798934936523,-76.56220245361328,367.6990051269531,0.09283969551324844,-1
cluster,-19.285924911499023,-84.50340270996094,367.6990051269531,0.13262812793254852,-1
cluster,19.6347599029541,-80.27400207519531,367.6990051269531,0.14968031644821167,-1
cluster,21.72776985168457,-91.14960479736328,367.6990051269531,0.09283969551324844,-1
cluster,22.774276733398438,-86.42127990722656,367.6990051269531,0.3296756148338318,4
cluster,23.820777893066406,-91.14960479736328,367.6990051269531,0.33535972237586975,-1
cluster,33.339324951171875,-90.54539489746094,367.6990051269531,0.19136346876621246,-1
cluster,19.68475914001465,-100.90341186523438,367.6990051269531,0.4206206202507019,-1
cluster,40.71485900878906,-105.73699951171875,367.6990051269531,0.10420782119035721,-1
cluster,32.0102653503418,-39.33140563964844,373.1490478515625,0.18735678493976593,-1
cluster,-60.926273345947266,-62.87913513183594,373.1490173339844,0.3949907124042511,-1
cluster,-59.353111267089844,-61.370601654052734,373.1490173339844,0.3949906826019287,-1
cluster,64.42707824707031,-60.45516586303711,373.1490173339844,0.11339445412158966,-1
cluster,-61.396121978759766,-66.29080200195312,373.1490173339844,0.13040363788604736,-1
cluster,-59.3031120300293,-66.29080200195312,373.1490173339844,0.06992657482624054,-1
cluster,-56.16360092163086,-65.68660736083984,373.1490173339844,0.09071555733680725,-1
cluster,23.1962833404541,-80.57682037353516,373.1490173339844,0.3458530902862549,4
cluster,20.681264877319336,-82.08660888671875,373.1490173339844,0.08693575859069824,-1
cluster,22.604164123535156,-86.31874084472656,373.1490173339844,0.3836512565612793,4
cluster,25.165184020996094,-83.18809509277344,373.1490173339844,2.7110726833343506,4
cluster,32.60745620727539,-88.91445922851562,373.1490173339844,2.4143569469451904,4
cluster,20.731266021728516,-107.54959869384766,373.1490173339844,0.09449537843465805,-1
cluster,-67.72515869140625,-55.3286018371582,378.5989990234375,0.07559631019830704,-1
cluster,64.93447875976562,-61.370601654052734,378.5989990234375,0.07181648910045624,-1
cluster,-56.16360092163086,-65.68660736083984,378.5989990234375,0.07559631019830704,-1
cluster,30.149810791015625,-75.35380554199219,378.5989990234375,0.10394492745399475,-1
cluster,2.790679693222046,-91.14960479736328,378.5989990234375,0.15308253467082977,-1
cluster,22.082962036132812,-93.361328125,378.5989990234375,0.2192292958498001,4
cluster,24.794124603271484,-87.52305603027344,378.5989990234375,0.46491724252700806,4
cluster,25.08915901184082,-83.65023803710938,378.5989990234375,0.7578529119491577,4
cluster,28.10679817199707,-82.69080352783203,378.5989990234375,0.31183475255966187,-1
cluster,24.917285919189453,-97.13485717773438,378.5989990234375,0.25135770440101624,4
cluster,-64.58563232421875,-83.89920043945312,378.5990295410156,0.053278520703315735,-1
cluster,88.10759735107422,-21.233613967895508,384.0490417480469,0.06803666800260544,-1
cluster,65.9809799194336,-61.97480392456055,384.0490417480469,0.07937611639499664,-1
cluster,24.695558547973633,-81.87198638916016,384.0490417480469,0.423339307308197,4
cluster,-20.332429885864258,-88.73279571533203,384.0490417480469,4.918484210968018,-1
cluster,21.342639923095703,-84.88524627685547,384.0490417480469,0.30049532651901245,4
cluster,23.820777893066406,-92.35800170898438,384.0490417480469,0.1776513308286667,-1
cluster,23.820777893066406,-83.89920043945312,384.0490417480469,0.12284400314092636,-1
cluster,26.013790130615234,-85.10759735107422,384.0490417480469,0.07937611639499664,-1
cluster,27.11286735534668,-90.58676147460938,384.0490417480469,1.5875225067138672,4
cluster,28.10679817199707,-93.56640625,384.0490417480469,2.3671092987060547,-1
cluster,27.59387969970703,-87.66219329833984,384.0490417480469,1.2567886114120483,4
cluster,42.857872009277344,-86.31600952148438,384.0490417480469,0.1587522327899933,-1
cluster,36.528839111328125,-96.0698013305664,384.0489807128906,0.9862868189811707,-1
cluster,30.199810028076172,-54.72440719604492,389.4990234375,0.16253206133842468,-1
cluster,14.352234840393066,-77.16639709472656,389.4990234375,0.28159624338150024,-1
cluster,41.76136016845703,-75.95800018310547,389.4990234375,0.10016510635614395,-1
cluster,42.807865142822266,-77.7706069946289,389.4990234375,0.23056873679161072,-1
cluster,5.93019437789917,-86.92020416259766,389.4990234375,0.51594477891922,-1
cluster,19.6347599029541,-86.31600952148438,389.4990234375,0.13418345153331757,-1
cluster,24.384431838989258,-86.6928482055664,389.4990234375,1.3097059726715088,4
cluster,26.01369857788086,-88.86454772949219,389.4990234375,4.877851963043213,4
cluster,30.199810028076172,-83.89920043945312,389.4990234375,0.06992657482624054,-1
cluster,30.80377769470215,-85.96730041503906,389.4990234375,0.194660484790802,4
cluster,31.80805778503418,-82.41092681884766,389.4990234375,0.1889907568693161,4
cluster,35.432334899902344,-86.92020416259766,389.4990234375,0.16631187498569489,-1
cluster,35.432334899902344,-82.08660888671875,389.4990234375,0.12473390251398087,-1
cluster,37.52534103393555,-80.87820434570312,389.4990234375,0.13040363788604736,-1
cluster,17.591751098632812,-99.69500732421875,389.4990234375,0.07103802263736725,-1
cluster,25.963790893554688,-93.65299987792969,389.4990234375,0.05581559240818024,-1
cluster,28.056798934936523,-96.0698013305664,389.4990234375,0.10528849810361862,-1
cluster,44.90087890625,-94.86141204833984,389.4990234375,0.11670531332492828,-1
cluster,52.326419830322266,-100.29920196533203,389.4990234375,0.06850095093250275,-1
cluster,67.9030532836914,-63.793235778808594,394.9490051269531,0.9014860391616821,2
cluster,14.352234840393066,-74.74959564208984,394.9490051269531,0.21922928094863892,-1
cluster,28.056798934936523,-75.35380554199219,394.9490051269531,0.07181648910045624,-1
cluster,-25.664955139160156,-88.12860107421875,394.9490051269531,0.12473390251398087,-1
cluster,-19.772085189819336,-90.01242065429688,394.9490051269531,1.4042013883590698,3
cluster,17.41751480102539,-87.59613800048828,394.9490051269531,0.8617979288101196,4
cluster,22.800886154174805,-86.41681671142578,394.9490051269531,0.8258896470069885,4
cluster,23.758872985839844,-90.24191284179688,394.9490051269531,1.8577791452407837,4
cluster,26.0137882232666,-84.50021362304688,394.9490051269531,0.48570629954338074,4
cluster,27.12914276123047,-91.20848083496094,394.9490051269531,2.266979694366455,4
cluster,27.469467163085938,-87.13870239257812,394.9490051269531,1.5308252573013306,4
cluster,30.199810028076172,-93.56640625,394.9490051269531,0.33262374997138977,-1
cluster,32.292816162109375,-86.31600952148438,394.9490051269531,0.13607333600521088,-1
cluster,32.292816162109375,-83.89920043945312,394.9490051269531,0.1682017743587494,-1
cluster,33.339324951171875,-88.12860107421875,394.9490051269531,0.07937611639499664,-1
cluster,35.310150146484375,-81.4371337890625,394.9490051269531,0.8183300495147705,4
cluster,27.01029396057129,-106.3412094116211,394.9490051269531,0.11289971321821213,-1
cluster,39.66835403442383,-99.09081268310547,394.9490051269531,0.064695343375206,-1
cluster,91.77037048339844,-21.535703659057617,400.3990173339844,0.15119262039661407,-1
cluster,69.68380737304688,-64.81307983398438,400.3990173339844,2.283189058303833,2
cluster,70.1669921875,-51.09920120239258,400.3990173339844,0.10772474110126495,-1
cluster,72.67733001708984,-62.94226837158203,400.3990173339844,0.08882565796375275,2
cluster,-24.518449783325195,-89.94120025634766,400.3990173339844,0.08693575859069824,-1
cluster,-21.123201370239258,-91.62417602539062,400.3990173339844,2.632484197616577,3
cluster,-18.619037628173828,-88.51362609863281,400.3990173339844,0.25513753294944763,3
cluster,-11.960389137268066,-86.31600952148438,400.3990173339844,0.09071555733680725,-1
cluster,22.281509399414062,-91.3143310546875,400.3990173339844,0.820219874382019,4
cluster,22.030906677246094,-87.3493881225586,400.3990173339844,0.3401833772659302,4
cluster,25.493982315063477,-92.72620391845703,400.3990173339844,1.4112569093704224,4
cluster,27.490650177001953,-84.64984893798828,400.3990173339844,0.32128429412841797,4
cluster,28.889333724975586,-91.57975769042969,400.3990173339844,0.15497241914272308,4
cluster,28.307636260986328,-88.44576263427734,400.3990173339844,0.5272842049598694,4
cluster,29.153303146362305,-86.07209014892578,400.3990173339844,0.30427512526512146,4
cluster,86.01457977294922,-75.95802307128906,400.3990173339844,0.052009984850883484,-1
cluster,52.27641296386719,-94.17060852050781,400.3990173339844,0.20803993940353394,-1
cluster,-25.614957809448242,-96.13472747802734,400.3990173339844,0.25370723009109497,3
cluster,-25.614953994750977,-93.0488052368164,400.3990173339844,0.43257081508636475,-1
cluster,-23.52194595336914,-99.09081268310547,400.3990173339844,0.1319277435541153,-1
cluster,-15.049904823303223,-99.09081268310547,400.3990173339844,0.0723065584897995,-1
cluster,-12.956894874572754,-97.88240051269531,400.3990173339844,0.10275143384933472,-1
cluster,-5.631359577178955,-98.48660278320312,400.3990173339844,0.2194567620754242,-1
cluster,9.119709968566895,-94.86141204833984,400.3990173339844,0.7192599177360535,-1
cluster,28.056798934936523,-94.86141204833984,400.3990173339844,0.04439876228570938,-1
cluster,37.575340270996094,-95.46560668945312,400.3990173339844,0.12812213599681854,-1
cluster,-28.80447006225586,-110.6572036743164,400.3990173339844,0.08372338861227036,-1
cluster,70.6096420288086,-65.34444427490234,405.8489990234375,0.1889907717704773,2
cluster,37.575340270996094,-74.74959564208984,405.8489990234375,0.10961464047431946,-1
cluster,-20.90928077697754,-93.18302917480469,405.8489990234375,5.843247890472412,3
cluster,-18.23941993713379,-91.14960479736328,405.8489990234375,0.32128429412841797,-1
cluster,-5.581359386444092,-81.4823989868164,405.8489990234375,0.07748621702194214,-1
cluster,17.541751861572266,-88.17778778076172,405.8489990234375,0.09638528525829315,4
cluster,20.681264877319336,-92.96219635009766,405.8489990234375,0.11528436839580536,-1
cluster,21.727767944335938,-88.73280334472656,405.8489990234375,6.91422700881958,4
cluster,24.176645278930664,-93.21451568603516,405.8489990234375,0.8976170420646667,4
cluster,93.34011840820312,-21.837799072265625,405.8490295410156,0.05962119624018669,-1
cluster,53.372920989990234,-76.56218719482422,405.8490295410156,1.461987853050232,-1
cluster,-34.03699493408203,-88.12860107421875,405.8490295410156,0.05708412826061249,-1
cluster,-31.94398307800293,-88.12860107421875,405.8490295410156,0.038056083023548126,-1
cluster,26.013790130615234,-88.73279571533203,405.8490295410156,0.11543678492307663,-1
cluster,27.06029510498047,-82.08660888671875,405.8490295410156,0.19154894351959229,-1
cluster,28.10679817199707,-93.0379638671875,405.8490295410156,0.1623726338148117,4
cluster,28.62030029296875,-89.02928161621094,405.8490295410156,0.09260313212871552,4
cluster,30.199810028076172,-86.31600952148438,405.8490295410156,0.12812213599681854,-1
cluster,49.13690185546875,-91.14960479736328,405.8490295410156,0.07357510179281235,-1
cluster,-28.133211135864258,-98.84529113769531,405.8490295410156,0.24102184176445007,3
cluster,-26.66145896911621,-105.73699951171875,405.8490295410156,0.05835265666246414,-1
cluster,-26.66145896911621,-94.86141204833984,405.8490295410156,0.1471502035856247,-1
cluster,-24.568450927734375,-93.65299987792969,405.8490295410156,0.09640873968601227,-1
cluster,-23.52194595336914,-96.67401123046875,405.8490295410156,0.10909410566091537,-1
cluster,-7.724369525909424,-99.69500732421875,405.8490295410156,0.079917773604393,-1
cluster,17.591751098632812,-98.48660278320312,405.8490295410156,0.12685361504554749,-1
cluster,22.82427406311035,-97.88240051269531,405.8490295410156,0.049472909420728683,-1
cluster,22.82427406311035,-95.46560668945312,405.8490295410156,0.04693583399057388,-1
cluster,28.056798934936523,-97.27820587158203,405.8490295410156,0.08118631690740585,-1
cluster,29.103303909301758,-99.09081268310547,405.8490295410156,0.20042869448661804,-1
cluster,1.7767096757888794,-78.46297454833984,411.2990417480469,0.12473390996456146,-1
cluster,23.870779037475586,-80.1874008178711,411.2990417480469,0.652018129825592,-1
cluster,-4.534854412078857,-86.92020416259766,411.2990417480469,0.29293566942214966,-1
cluster,94.38663482666016,-22.441993713378906,411.2989807128906,0.053278520703315735,-1
cluster,71.26350402832031,-66.29080200195312,411.2989807128906,0.05454705283045769,-1
cluster,-31.371458053588867,-90.21485137939453,411.2989807128906,0.512488603591919,3
cluster,-29.850975036621094,-80.87820434570312,411.2989807128906,0.1547614187002182,-1
cluster,-15.099905014038086,-85.71180725097656,411.2989807128906,0.22326236963272095,-1
cluster,25.97186851501465,-92.80900573730469,411.2989807128906,2.2009100914001465,4
cluster,-30.84747886657715,-96.0698013305664,411.2989807128906,0.13065922260284424,-1
cluster,-25.614953994750977,-105.13279724121094,411.2989807128906,0.06596387177705765,-1
cluster,-21.469623565673828,-94.53629302978516,411.2989807128906,8.613360404968262,3
cluster,43.854373931884766,-103.92440795898438,411.2989807128906,0.053278520703315735,-1
cluster,-23.52194595336914,-77.16639709472656,416.7490234375,1.0677977800369263,-1
cluster,7.026699542999268,-74.14540100097656,416.7490234375,0.46302738785743713,-1
cluster,95.48311614990234,-23.13280487060547,416.7489929199219,0.05581559240818024,-1
cluster,74.08378601074219,-66.68018341064453,416.7489929199219,0.18647481501102448,2
cluster,-11.801880836486816,-88.33839416503906,416.7489929199219,0.598749041557312,3
cluster,28.799989700317383,-92.32882690429688,416.7489929199219,3.1726088523864746,4
cluster,40.664859771728516,-88.73279571533203,416.7489929199219,0.12051092088222504,-1
cluster,-35.13349914550781,-98.48660278320312,416.7489929199219,0.25117015838623047,-1
cluster,-26.66145896911621,-105.73699951171875,416.7489929199219,0.07611216604709625,-1
cluster,-21.75884437561035,-97.6588134765625,416.7489929199219,3.8335161209106445,3
cluster,-6.526474475860596,-103.66219329833984,416.7489929199219,0.32981938123703003,-1
cluster,18.48668670654297,-105.91203308105469,416.7489929199219,0.2219938337802887,4
cluster,41.76136016845703,-96.67401123046875,416.7489929199219,0.20042869448661804,-1
cluster,30.149810791015625,-74.14540100097656,422.1990051269531,0.13229352235794067,-1
cluster,97.57612609863281,-23.13280487060547,422.1990051269531,0.3145969808101654,-1
cluster,72.31001281738281,-68.68223571777344,422.1990051269531,0.5365908145904541,2
cluster,-29.850975036621094,-86.92020416259766,422.1990051269531,0.039324622601270676,-1
cluster,-18.419479370117188,-88.14063262939453,422.1990051269531,1.1391453742980957,3
cluster,16.4952449798584,-92.96219635009766,422.1990051269531,0.09260313212871552,-1
cluster,29.10019302368164,-90.53536224365234,422.1990051269531,3.757404327392578,4
cluster,-31.893983840942383,-102.71600341796875,422.1990051269531,0.41227424144744873,-1
cluster,-20.959516525268555,-99.99488067626953,422.1990051269531,2.8117103576660156,3
cluster,-19.335926055908203,-106.3412094116211,422.1990051269531,0.062158264219760895,-1
cluster,-9.65835952758789,-96.3452377319336,422.1990051269531,0.19662310183048248,3
cluster,19.617511749267578,-100.25907897949219,422.1990051269531,0.43003374338150024,4
cluster,34.45240020751953,-97.30690002441406,422.1990051269531,0.16364115476608276,4
cluster,51.2799186706543,-97.27819061279297,422.1990051269531,0.09894581884145737,-1
cluster,29.153305053710938,-115.38619232177734,422.1990051269531,0.20042870938777924,-1
cluster,20.731266021728516,-79.58320617675781,427.6490173339844,0.14556127786636353,-1
cluster,30.149810791015625,-78.97900390625,427.6490173339844,0.16088351607322693,-1
cluster,98.62262725830078,-23.73700523376465,427.6490173339844,0.05999309569597244,-1
cluster,73.54104614257812,-69.31180572509766,427.6490173339844,0.21426105499267578,2
cluster,-45.6485481262207,-92.35800170898438,427.6490173339844,0.10455939173698425,-1
cluster,-31.44431495666504,-87.20869445800781,427.6490173339844,0.15598204731941223,3
cluster,-15.099905014038086,-95.37899780273438,427.6490173339844,0.12341437488794327,-1
cluster,-5.5130438804626465,-92.3580093383789,427.6490173339844,0.31025001406669617,-1
cluster,23.820777893066406,-85.10759735107422,427.6490173339844,0.299965500831604,-1
cluster,28.902009963989258,-93.52599334716797,427.6490173339844,2.284022808074951,4
cluster,32.763832092285156,-87.53992462158203,427.6490173339844,0.21426106989383698,4
cluster,-23.071033477783203,-99.8231201171875,427.6490173339844,1.7483701705932617,3
cluster,25.14993667602539,-99.6710205078125,427.6490173339844,0.36510083079338074,4
cluster,31.716041564941406,-100.59927368164062,427.6490173339844,2.879668712615967,4
cluster,39.36558151245117,-98.68907165527344,427.6490173339844,1.268425464630127,4
cluster,48.0403938293457,-96.67401123046875,427.6490173339844,0.08399032801389694,-1
cluster,59.65195846557617,-96.0698013305664,427.6490173339844,0.1628383994102478,-1
cluster,32.292816162109375,-113.07400512695312,427.6490173339844,0.28796687722206116,-1
cluster,28.056798934936523,-126.45301818847656,427.6490173339844,1.0438799858093262,-1
cluster,100.71565246582031,-23.73700523376465,436.1990051269531,0.11446098238229752,2
cluster,38.621849060058594,-80.1874008178711,436.1990051269531,1.2957847118377686,4
cluster,76.0626220703125,-68.8541030883789,436.1990051269531,0.2332412302494049,2
cluster,-22.98295783996582,-85.42948913574219,436.1990051269531,0.3023497462272644,3
cluster,39.61835479736328,-85.71180725097656,436.1990051269531,1.2893056869506836,4
cluster,73.3065185546875,-88.12860107421875,436.1990051269531,0.23540088534355164,2
cluster,-29.22259521484375,-100.09261322021484,436.1990051269531,0.26779550313949585,3
cluster,-24.37665367126465,-96.2028579711914,436.1990051269531,3.564487934112549,3
cluster,15.398738861083984,-103.32019805908203,436.1990051269531,0.10582241415977478,4
cluster,26.575529098510742,-101.73049926757812,436.1990051269531,0.7277990579605103,4
cluster,102.80865478515625,-23.73700523376465,444.7489929199219,0.11662061512470245,2
cluster,76.49603271484375,-71.72860717773438,444.7489929199219,0.0820663645863533,2
cluster,-24.518449783325195,-83.89920043945312,444.7489929199219,0.0885452851653099,3
cluster,20.681264877319336,-90.54539489746094,444.7489929199219,0.45784392952919006,4
cluster,-36.18000030517578,-103.92440795898438,444.7489929199219,0.16845200955867767,3
cluster,-31.188873291015625,-97.44953918457031,444.7489929199219,0.4405668079853058,3
cluster,-25.185930252075195,-100.09254455566406,444.7489929199219,2.760021209716797,3
cluster,22.531492233276367,-105.30184173583984,444.7489929199219,0.3585004210472107,4
cluster,31.19631576538086,-102.71600341796875,444.7489929199219,0.16845200955867767,4
cluster,105.10347747802734,-24.663312911987305,453.2989807128906,0.8228232860565186,2
cluster,93.39010620117188,-58.349605560302734,453.2989807128906,0.0820663645863533,-1
cluster,-26.66145896911621,-81.39579772949219,453.2989807128906,0.0950242131948471,3
cluster,15.398738861083984,-77.7706069946289,453.2989807128906,0.3390636444091797,-1
cluster,78.58904266357422,-72.93700408935547,453.2989807128906,0.08422600477933884,2
cluster,-39.31951904296875,-106.94540405273438,453.2989807128906,0.32394617795944214,3
cluster,-36.81031799316406,-101.15962219238281,453.2989807128906,0.6392537951469421,3
cluster,-25.3410587310791,-104.13658905029297,453.2989807128906,0.3217865228652954,3
cluster,19.90828514099121,-104.88839721679688,453.2989807128906,0.6673290729522705,4
cluster,34.435829162597656,-104.52860260009766,453.2989807128906,0.26131656765937805,4
cluster,106.99467468261719,-24.945404052734375,461.8490295410156,0.11230134218931198,2
cluster,-27.707963943481445,-80.7916030883789,461.8490295410156,0.2332412302494049,3
cluster,79.63554382324219,-74.74959564208984,461.8490295410156,0.6651694774627686,2
cluster,-34.03699493408203,-86.92020416259766,461.8490295410156,0.22244304418563843,3
cluster,-26.01686668395996,-107.65025329589844,461.8490295410156,2.6909127235412598,3
cluster,19.68475914001465,-103.32019805908203,461.8490295410156,0.2073255330324173,4
cluster,-63.367088317871094,-101.90253448486328,461.6495056152344,0.05292128399014473,-1
cluster,112.27719116210938,-13.37900161743164,470.3990173339844,0.11662061512470245,2
cluster,108.04117584228516,-25.549604415893555,470.3990173339844,0.0950242131948471,2
cluster,81.72855377197266,-75.95800018310547,470.3990173339844,0.11230134218931198,2
cluster,-28.80447006225586,-82.69080352783203,470.3990173339844,0.6608501672744751,3
cluster,24.86728286743164,-89.33700561523438,470.3990173339844,0.0755874365568161,4
cluster,-24.23389434814453,-108.67909240722656,470.3990173339844,7.626772403717041,3
cluster,19.68475914001465,-103.32019805908203,470.3990173339844,0.9955945014953613,4
cluster,-16.49812126159668,-115.82591247558594,470.3990173339844,2.3334920406341553,3
cluster,110.23419189453125,-25.549604415893555,478.9490051269531,0.13333594799041748,2
cluster,82.77505493164062,-77.7706069946289,478.9490051269531,0.40861010551452637,2
cluster,-11.960389137268066,-87.52440643310547,478.9490051269531,0.1053784042596817,-1
cluster,-23.97406578063965,-110.81407928466797,478.9490051269531,5.385051727294922,3
cluster,-20.382429122924805,-102.11180877685547,478.9490051269531,0.06881855428218842,3
cluster,-5.065518379211426,-100.0217056274414,487.4989929199219,1.1291157007217407,-1
cluster,-5.721227645874023,-104.79240417480469,487.29949951171875,0.3091789782047272,-1
cluster,-25.39480209350586,-112.74501037597656,487.29949951171875,3.95515775680542,3
cluster,83.74836730957031,-78.43893432617188,487.29949951171875,0.08166991919279099,2
cluster,113.01155090332031,-26.350618362426758,487.29949951171875,0.15167270600795746,2
cluster,-23.966421127319336,-112.98433685302734,495.8494873046875,0.8170866370201111,3
cluster,85.64276123046875,-80.2132339477539,495.8494873046875,0.14007198810577393,2
cluster,114.27542114257812,-26.645313262939453,495.8494873046875,0.0875449925661087,2
cluster,-28.636301040649414,-114.50810241699219,504.3995056152344,0.2217806577682495,3
cluster,87.58219146728516,-82.02970886230469,504.3995056152344,0.2159443199634552,2
cluster,116.86326599121094,-27.24871253967285,504.3995056152344,0.18676264584064484,2
cluster,50.067909240722656,-165.0518798828125,504.3995056152344,0.23345330357551575,-1
cluster,-25.252708435058594,-120.09228515625,512.949462890625,0.3735252916812897,3
cluster,89.56788635253906,-83.88951110839844,512.949462890625,0.09338132292032242,2
cluster,119.07470703125,-27.76434898376465,512.949462890625,0.7412142753601074,2
cluster,-12.301592826843262,-124.9000015258789,512.949462890625,0.11089032143354416,3
